username,email,ip_address,ip
rlynch,coreyking@example.net,123.71.141.211,
juliarivera,stacey35@example.net,111.16.220.24,
juliebaker,bethanywest@example.com,75.17.127.241,
christophernewman,luis03@example.net,32.42.146.168,
rhondathompson,wtorres@example.org,208.239.175.21,
swood,lopezamanda@example.org,9.125.194.45,
belljason,derrick70@example.net,132.50.145.121,
jacquelinepatrick,zrhodes@example.com,164.211.244.164,
kelseygarcia,costajose@example.com,160.70.221.143,
jimenezdavid,seanjones@example.org,173.42.175.149,
nelsonstephanie,robert50@example.org,139.87.132.87,
nathan44,joshuajohnson@example.org,45.233.37.91,
moorejade,xwilliams@example.com,176.115.74.224,
allisonfields,marissa20@example.com,138.107.225.50,
ann79,isaiahcohen@example.net,50.243.179.176,
jvaughn,spope@example.org,138.179.59.88,
markstevens,samuelgonzalez@example.com,93.133.197.247,
william00,bgonzalez@example.com,34.80.5.48,
djohnson,yarias@example.org,106.159.176.133,
travis60,sullivanwilliam@example.org,183.28.162.26,
rojasmichelle,lukewright@example.com,26.167.92.65,
teresa31,rebecca65@example.com,115.240.76.65,
dturner,tbaker@example.com,184.21.123.251,
ssmith,grimestodd@example.com,30.92.117.161,
jasonking,rortiz@example.com,108.94.128.42,
kelly22,caitlinjordan@example.net,30.37.255.183,
marthadaniels,mark34@example.net,34.234.49.175,
amy86,jayharper@example.com,95.158.207.182,
david84,xlyons@example.com,30.218.227.223,
bryanrice,james52@example.org,40.166.119.1,
mario15,lanetimothy@example.org,136.162.88.111,
williamrogers,bpetty@example.net,201.205.130.174,
njohnson,hughessusan@example.org,195.111.133.129,
lauren26,leonardseth@example.net,80.20.245.179,
shortshannon,brianrodriguez@example.net,77.79.22.57,
joyyoung,adrienne12@example.com,221.238.239.24,
sarah60,brucestephanie@example.com,47.199.8.44,
mjohnson,danielbaker@example.net,101.115.76.136,
kimberly87,linda09@example.net,197.82.97.183,
shannon01,ihowell@example.net,56.102.112.232,
cynthia77,deannadavis@example.net,75.66.49.46,
clove,dcross@example.com,66.147.148.150,
jeffreymartin,reedsamantha@example.org,58.77.135.181,
brian16,cynthiagonzalez@example.net,132.26.231.253,
smithshawn,timothywilliams@example.com,69.98.85.142,
khale,robert19@example.org,188.172.177.241,
shelby49,dakota30@example.org,210.221.230.180,
mark92,reidlynn@example.com,130.38.124.112,
jennifer38,zmcpherson@example.org,13.15.45.144,
alecprice,annette10@example.org,57.232.109.234,
samanthafields,clarkmichele@example.org,75.64.7.132,
ryan29,scottcynthia@example.org,40.203.25.63,
rodriguezdebbie,parkerwesley@example.net,164.83.134.82,
trevinojason,scottchavez@example.org,143.160.131.35,
holly14,suttonnicolas@example.net,17.59.86.230,
vstewart,ramirezmichael@example.net,155.79.47.35,
jessereyes,krystalcastillo@example.net,49.134.104.8,
nholmes,alexis88@example.net,70.220.103.60,
randerson,warddanielle@example.com,48.68.208.163,
cfrank,petersjoshua@example.org,82.239.38.0,
crawfordrachael,jaime27@example.net,24.142.105.66,
brendadavis,tjackson@example.org,201.242.210.150,
daniel22,davidorr@example.com,32.125.82.215,
careyalicia,dlee@example.org,26.140.86.182,
davidhenson,beasleychristopher@example.org,168.191.219.55,
myersmichelle,jasonsmith@example.net,106.27.254.50,
uellis,davidpeck@example.net,204.148.207.246,
bmclean,nathan95@example.com,142.181.117.243,
ross42,mandy12@example.org,166.68.172.7,
joseporter,scott54@example.com,221.142.79.41,
valerie62,michael26@example.net,217.144.192.26,
ojohnson,xmorgan@example.net,164.74.171.89,
perrykathryn,barry45@example.org,87.250.90.39,
bwall,chase09@example.com,218.46.225.115,
christopherdawson,mitchellchristopher@example.net,72.244.186.135,
scott73,joshuaortiz@example.net,165.210.4.203,
lynchjames,kristina11@example.net,176.16.228.231,
sandrastevens,usantos@example.com,192.58.3.101,
deborahforbes,hrusso@example.org,187.245.244.158,
melindamanning,shendrix@example.org,193.81.201.249,
kristibarnes,christopher26@example.com,3.181.98.243,
benderisabel,ocopeland@example.org,139.19.172.83,
melindaking,bmoore@example.org,153.236.153.151,
lisa13,jacqueline69@example.net,16.103.80.194,
jmorse,badams@example.org,32.206.91.57,
staceyhernandez,fletcherjose@example.com,61.186.104.73,
julia31,shannonfreeman@example.org,63.228.152.212,
hernandezlouis,angelayork@example.com,137.122.126.166,
xthomas,mlivingston@example.org,93.136.10.24,
ray19,michael88@example.net,61.178.120.161,
hflynn,jonesshirley@example.com,82.48.174.99,
johnsonbrianna,eherrera@example.com,85.92.222.164,
rebekah87,shannonreyes@example.net,211.133.254.165,
lindaadams,dmartinez@example.org,170.195.154.227,
petersonstephanie,scott41@example.org,88.70.162.196,
tnelson,ruizmichelle@example.com,143.184.77.171,
huertanatalie,kendrachang@example.net,3.34.19.22,
wadams,chall@example.org,61.217.58.66,
joshua72,brichardson@example.com,67.170.79.163,
leepaula,hubbardderek@example.net,79.246.139.102,
OM,omraval0808@gmail.com,,127.0.0.1
OM1,23f1001721@ds.study.iitm.ac.in,127.0.0.2,127.0.0.1
